Model,MAPE (%),RMSE (£)
Exponential Smoothing,24.08164963464342,4115.95506655217
"SARIMAX (1,1,0)(1,1,0,7)",24.70153411583497,2969.0321514812586
"SARIMA (1,1,0)(1,1,0,7)",42.13093181032041,3920.7464194144654
Moving Average (7-day),131.14255512138496,8264.248864124429
