Model,MAPE (%),RMSE (£)
"SARIMAX (1, 1, 1)x(0, 1, 1, 7)",20.12623716499365,2501.3520087899415
Exponential Smoothing,24.08164963464342,4115.95506655217
"SARIMA (1, 1, 1)x(0, 1, 1, 7)",24.542130746159163,4053.045930364721
Moving Average (7-day),131.14255512138496,8264.248864124429
