Model,MAPE (%),RMSE (£)
Random Forest (200 trees),15.051687800633356,2967.1403514294693
Decision Tree (max_depth=5),18.40027245573764,3635.610370811574
"SARIMAX (1, 1, 2)x(0, 1, 1, 7)",20.181447732253716,3081.205718308692
Linear Regression,20.237137194858207,2952.8821653067694
Exponential Smoothing,23.79057483186106,4472.156747446399
"SARIMA (1, 1, 2)x(0, 1, 1, 7)",24.184338933695855,4392.3676462663425
Moving Average (7-day),133.77145579871964,8544.586833342571
