Model,MAPE (%),RMSE (£)
Random Forest (200 trees),15.520352705080912,3968.4507197643834
Decision Tree (max_depth=5),16.614063796619487,3979.5964480802622
Linear Regression,22.087409387739825,4115.830859929084
"SARIMAX (0, 1, 1)x(0, 1, 2, 7)",26.431699020471065,5475.115932586227
Exponential Smoothing,28.57742924954001,5884.867869069984
"SARIMA (0, 1, 1)x(0, 1, 2, 7)",29.97448725347099,6333.82575036419
Moving Average (7-day),59.48278820398103,7362.7432177041
